no,item_id,block,block_kr,construct,kind,scale,n_opt,n_cells,reverse,tier,context,question,options,keyed,reasoning_t2(C),omr_capture,KC_formal(주석),exp_difficulty(주석),note,status
1,A-IN1,A,학습 태도·흥미,interest,ladder,리커트 1~5,5,1,,1,,화학이 특별히 싫지는 않다.,1~5 리커트,—,,OMR: 1칸,,,낮은 문턱·정상화(누구나 동의 가능 → 바닥 단계),active
2,A-IN2,A,학습 태도·흥미,interest,ladder,리커트 1~5,5,1,,2,,수업에서 본 화학 현상이 시간이 지나 문득 다시 떠오른 적이 있다.,1~5 리커트,—,,OMR: 1칸,,,수동적 잔상 — 2단,active
3,A-IN3,A,학습 태도·흥미,interest,ladder,리커트 1~5,5,1,,3,,시키지 않았는데도 화학과 관련된 영상·글을 찾아본 적이 있다.,1~5 리커트,—,,OMR: 1칸,,,자발적 탐색 — 3단,active
4,A-IN4,A,학습 태도·흥미,interest,ladder,리커트 1~5,5,1,,4,,하고 싶은 다른 일을 미루면서까지 화학을 더 파고든 적이 있다.,1~5 리커트,—,,OMR: 1칸,,,"비용 내장(우선순위 희생) → 정점, 가벼운 과대응답 차단 — 4단",active
5,A-IN-PH,A,학습 태도·흥미,interest,context,리커트 1~5,5,1,,,phenom,물질이 녹고 타고 색이 변하는 현상을 보면 더 들여다보고 싶다.,1~5 리커트,—,,OMR: 1칸,,,현상 맥락 흥미,active
6,A-IN-SY,A,학습 태도·흥미,interest,context,리커트 1~5,5,1,예,,symbol,화학 기호나 식을 다룰 때는 흥미가 식는 편이다.,1~5 리커트,—,,OMR: 1칸,,,기호 맥락(역 → 동의=기호 흥미 낮음),active
7,A-IN-QT,A,학습 태도·흥미,interest,context,리커트 1~5,5,1,예,,quant,숫자·비율을 계산하는 화학 문제는 풀어볼 마음이 잘 안 생긴다.,1~5 리커트,—,,OMR: 1칸,,,정량 맥락(역),active
8,A-IN-LB,A,학습 태도·흥미,interest,context,리커트 1~5,5,1,,,lab,직접 실험하거나 만들어 보는 활동은 해보고 싶다.,1~5 리커트,—,,OMR: 1칸,,,실험 맥락 흥미,active
9,A-EF1,A,학습 태도·흥미,efficacy,ladder,리커트 1~5,5,1,,1,,쉬운 화학 문제는 혼자서 풀 수 있다.,1~5 리커트,—,,OMR: 1칸,,,기본 수행 — 1단,active
10,A-EF2,A,학습 태도·흥미,efficacy,ladder,리커트 1~5,5,1,,2,,한 번에 이해 못 한 개념도 다시 보면 결국 내 것으로 만든다.,1~5 리커트,—,,OMR: 1칸,,,회복형 효능 — 2단,active
11,A-EF3,A,학습 태도·흥미,efficacy,ladder,리커트 1~5,5,1,,3,,처음 보는 유형도 풀이를 보기 전에 일단 혼자 시작해 본다.,1~5 리커트,—,,OMR: 1칸,,,행동 위장(자기칭찬 아님) — 3단,active
12,A-EF4,A,학습 태도·흥미,efficacy,ladder,리커트 1~5,5,1,,4,,어려운 화학 문제를 며칠에 걸쳐 붙잡아 끝내 해결한 적이 있다.,1~5 리커트,—,,OMR: 1칸,,,지속·비용(고문턱) — 4단,active
13,A-AX-PH,A,학습 태도·흥미,anxiety,context,리커트 1~5,5,1,예,,phenom,현상이나 실험을 관찰할 때는 마음이 비교적 편하다.,1~5 리커트,—,,OMR: 1칸,,,현상 맥락(역 → 동의=현상 불안 낮음),active
14,A-AX-SY,A,학습 태도·흥미,anxiety,context,리커트 1~5,5,1,,,symbol,복잡한 기호나 식이 나오면 머릿속이 복잡해진다.,1~5 리커트,—,,OMR: 1칸,,,기호 맥락 불안(핵심 분리 지점),active
15,A-AX-QT,A,학습 태도·흥미,anxiety,context,리커트 1~5,5,1,,,quant,비율·농도 같은 계산이 섞이면 평소보다 긴장된다.,1~5 리커트,—,,OMR: 1칸,,,정량 맥락 불안,active
16,A-AX-LB,A,학습 태도·흥미,anxiety,context,리커트 1~5,5,1,예,,lab,직접 실험할 때는 오히려 긴장이 풀리는 편이다.,1~5 리커트,—,,OMR: 1칸,,,실험 맥락(역),active
17,A-AX-GN,A,학습 태도·흥미,anxiety,general,리커트 1~5,5,1,,,,화학 시험 전엔 남들처럼 나도 어느 정도 긴장한다.,1~5 리커트,—,,OMR: 1칸,,,정상화 → 불안 과소보고 방지(일반 불안 기저선),active
18,A-VA1,A,학습 태도·흥미,value,relative,리커트 1~5,5,1,,,,"과학 중에서 굳이 고른다면, 생물·지구과학보다 화학 쪽이 내 관심에 더 가깝다.",1~5 리커트,—,,OMR: 1칸,,,동등바람직 상대비교 → 분야 동일시,active
19,A-VA2,A,학습 태도·흥미,value,internalize,리커트 1~5,5,1,예,,,"화학이 쓸모 있다는 말은 들어도, 나와 직접 상관있다고 느끼진 않는다.",1~5 리커트,—,,OMR: 1칸,,,정상화·역(동의=낮은 내면화) → 외적 가치/내적 가치 분리,active
20,A-VA3,A,학습 태도·흥미,value,internalize,리커트 1~5,5,1,,,,내가 앞으로 하고 싶은 일에 화학이 들어올 자리가 있다고 생각한다.,1~5 리커트,—,,OMR: 1칸,,,미래 정체성 결합(진로 키워드 직접 노출 줄임),active
21,B21,B,사고 성향,사고축:lens,forced16,양자택일(1/2),2,1,,,,"어떤 실험 결과를 보면, 나는…",1) 왜 그런 결과가 나왔는지 원리부터 따져 본다 [극S] | 2) 결과로 나타난 변화 자체를 자세히 들여다본다 [극G],—,,OMR: 1칸,,,,active
22,B22,B,사고 성향,사고축:lens,forced16,양자택일(1/2),2,1,,,,"물질이 변하는 걸 관찰할 때, 나는…",1) 겉으로 드러나는 변화에 먼저 주목한다 [극G] | 2) 눈에 안 보이는 알갱이의 움직임을 떠올린다 [극S],—,,OMR: 1칸,,,,active
23,B23,B,사고 성향,사고축:think,forced16,양자택일(1/2),2,1,,,,"답이 떠오를 때, 나는…",1) 근거가 맞는지 차근차근 확인한 뒤 답한다 [극B] | 2) 감으로 먼저 답하고 나중에 점검한다 [극J],—,,OMR: 1칸,,,,active
24,B24,B,사고 성향,사고축:think,forced16,양자택일(1/2),2,1,,,,"여러 정보를 정리할 때, 나는…",1) 핵심을 직관으로 빠르게 추린다 [극J] | 2) 하나씩 따져 논리적으로 묶는다 [극B],—,,OMR: 1칸,,,,active
25,B25,B,사고 성향,사고축:drive,forced16,양자택일(1/2),2,1,,,,수업에서 더 끌리는 활동은…,1) 한 번도 안 해 본 새로운 실험 [극T] | 2) 배운 내용을 깔끔히 정리하는 활동 [극R],—,,OMR: 1칸,,,,active
26,B26,B,사고 성향,사고축:drive,forced16,양자택일(1/2),2,1,,,,"방학에 공부한다면, 나는…",1) 지금까지 배운 걸 차곡차곡 복습한다 [극R] | 2) 교과서 밖 새로운 주제를 탐구한다 [극T],—,,OMR: 1칸,,,,active
27,B27,B,사고 성향,사고축:approach,forced16,양자택일(1/2),2,1,,,,"문제집을 고를 때, 나는…",1) 조금 어렵더라도 도전적인 문제집을 고른다 [극D] | 2) 확실히 익힐 수 있는 적정 난도를 고른다 [극M],—,,OMR: 1칸,,,,active
28,B28,B,사고 성향,사고축:approach,forced16,양자택일(1/2),2,1,,,,"새 단원을 공부할 때, 나는…",1) 기본을 반복해 탄탄히 다진 뒤 넘어간다 [극M] | 2) 어려운 부분에 먼저 부딪쳐 본다 [극D],—,,OMR: 1칸,,,,active
29,B1,B,사고 성향,사고축:lens,forced16,양자택일(1/2),2,1,,,,"새로운 현상을 보면, 나는…",1) 눈에 보이는 결과와 변화부터 살핀다 [극G] | 2) 속에서 무슨 일이 일어나는지 먼저 상상한다 [극S],—,,OMR: 1칸,,,,active
30,B2,B,사고 성향,사고축:lens,forced16,양자택일(1/2),2,1,,,,실험에서 더 흥미로운 것은…,1) 그 변화가 '왜' 일어나는지 속 원리 [극S] | 2) 색·소리·온도처럼 겉으로 드러나는 변화 [극G],—,,OMR: 1칸,,,,active
31,B3,B,사고 성향,사고축:lens,forced16,양자택일(1/2),2,1,,,,"어떤 물질을 설명하라면, 나는…",1) 어떻게 보이고 어떤 성질인지로 설명한다 [극G] | 2) 무엇으로 이루어졌는지로 설명한다 [극S],—,,OMR: 1칸,,,,active
32,B4,B,사고 성향,사고축:lens,forced16,양자택일(1/2),2,1,,,,"개념을 기억할 때, 나는…",1) 머릿속 그림이나 모형으로 기억한다 [극S] | 2) 실제로 본 장면이나 사례로 기억한다 [극G],—,,OMR: 1칸,,,,active
33,B5,B,사고 성향,사고축:lens,forced16,양자택일(1/2),2,1,,,,현상을 마주하면 내 첫 질문은…,"1) ""무슨 일이 일어났지?"" (결과) [극G] | 2) ""그 안에서 뭐가 변했지?"" (속 원리) [극S]",—,,OMR: 1칸,,,,active
34,B6,B,사고 성향,사고축:think,forced16,양자택일(1/2),2,1,,,,"문제를 풀 때, 나는…",1) 답이 먼저 '느낌'으로 떠오른다 [극J] | 2) 단계를 하나씩 밟아 도달한다 [극B],—,,OMR: 1칸,,,,active
35,B7,B,사고 성향,사고축:think,forced16,양자택일(1/2),2,1,,,,"새로운 규칙을 배우면, 나는…",1) 왜 그런지 따져 본 뒤에 쓴다 [극B] | 2) 대충 감을 잡고 바로 써 본다 [극J],—,,OMR: 1칸,,,,active
36,B8,B,사고 성향,사고축:think,forced16,양자택일(1/2),2,1,,,,"정보가 한꺼번에 주어지면, 나는…",1) 중요한 게 직감으로 보인다 [극J] | 2) 표나 순서로 정리해야 보인다 [극B],—,,OMR: 1칸,,,,active
37,B9,B,사고 성향,사고축:think,forced16,양자택일(1/2),2,1,,,,"설명을 들을 때, 나는…",1) 처음부터 빠짐없이 듣는 게 편하다 [극B] | 2) 핵심만 빠르게 잡는 게 편하다 [극J],—,,OMR: 1칸,,,,active
38,B10,B,사고 성향,사고축:think,forced16,양자택일(1/2),2,1,,,,"실수했을 때, 나는…","1) '아, 이거구나' 하고 금방 알아챈다 [극J] | 2) 어디서 틀렸는지 되짚어 찾는다 [극B]",—,,OMR: 1칸,,,,active
39,B11,B,사고 성향,사고축:drive,forced16,양자택일(1/2),2,1,,,,공부가 가장 즐거운 순간은…,1) 새롭고 신기한 걸 알게 될 때 [극T] | 2) 배운 걸 깔끔히 정리해 완성할 때 [극R],—,,OMR: 1칸,,,,active
40,B12,B,사고 성향,사고축:drive,forced16,양자택일(1/2),2,1,,,,"자유 시간이 생기면, 나는…",1) 배운 걸 복습해 탄탄히 한다 [극R] | 2) 안 배운 걸 미리 들춰본다 [극T],—,,OMR: 1칸,,,,active
41,B13,B,사고 성향,사고축:drive,forced16,양자택일(1/2),2,1,,,,더 끌리는 과제는…,1) 정답이 여럿인 열린 탐구 [극T] | 2) 정답이 분명한 정리 문제 [극R],—,,OMR: 1칸,,,,active
42,B14,B,사고 성향,사고축:drive,forced16,양자택일(1/2),2,1,,,,"노트를 쓸 때, 나는…",1) 보기 좋게 구조를 맞춰 적는다 [극R] | 2) 떠오르는 생각과 질문을 막 적는다 [극T],—,,OMR: 1칸,,,,active
43,B15,B,사고 성향,사고축:drive,forced16,양자택일(1/2),2,1,,,,수업에서 더 신나는 것은…,"1) ""이건 왜 그럴까?"" 하는 새 질문 [극T] | 2) ""이제 이건 확실해"" 하는 정리 [극R]",—,,OMR: 1칸,,,,active
44,B16,B,사고 성향,사고축:approach,forced16,양자택일(1/2),2,1,,,,"어려운 문제를 만나면, 나는…",1) 어려워도 일단 부딪쳐 본다 [극D] | 2) 쉬운 문제로 기초를 다진 뒤 도전한다 [극M],—,,OMR: 1칸,,,,active
45,B17,B,사고 성향,사고축:approach,forced16,양자택일(1/2),2,1,,,,더 뿌듯한 것은…,1) 기본을 완벽하게 익힌 것 [극M] | 2) 남들이 못 푼 문제를 풀어낸 것 [극D],—,,OMR: 1칸,,,,active
46,B18,B,사고 성향,사고축:approach,forced16,양자택일(1/2),2,1,,,,"실패가 예상돼도, 나는…",1) 도전 자체가 재미있다 [극D] | 2) 충분히 준비된 뒤에 하고 싶다 [극M],—,,OMR: 1칸,,,,active
47,B19,B,사고 성향,사고축:approach,forced16,양자택일(1/2),2,1,,,,"새 단원을 시작하면, 나는…",1) 기본 개념부터 차근차근 본다 [극M] | 2) 어려운 문제부터 건드려 본다 [극D],—,,OMR: 1칸,,,,active
48,B20,B,사고 성향,사고축:approach,forced16,양자택일(1/2),2,1,,,,내 공부 속도는…,1) 빠르고 넓게 나가는 편 [극D] | 2) 천천히 깊게 다지는 편 [극M],—,,OMR: 1칸,,,,active
49,C1,C,개념 이해,개념:conservation / 주제:dissolve,misconception,정답선택+확신(1~3),4,2,,,,"물 100 g과 설탕 10 g을 모두 저어 녹였다. 설탕이 안 보이게 된 뒤, 컵 안 전체(물+녹은 설탕)의 무게는?",1) 약 110 g 그대로다 [★정답] | 2) 약 100 g에 가깝다 [오개념:용해=소멸] | 3) 110 g보다 무거워진다 [오개념:질량 증가] | 4) 잘 모르겠다 [모름],1,그렇게 생각한 이유는? :: 1) 설탕이 녹아서 사라졌기 때문에 [오개념:소멸] | 2) 녹아도 설탕 입자는 물 사이에 그대로 남아 있어서 [★정답] | 3) 설탕이 물로 변했기 때문에 [오개념:변환] | 4) 물이 설탕을 흡수해 없앴기 때문에 [오개념:흡수],OMR: 답(t1)+확신  ※이유(t2)는 온라인 전용·OMR 미수집,,,,active
50,C2,C,개념 이해,개념:conservation / 주제:state-mass,misconception,정답선택+확신(1~3),4,2,,,,마개로 꽉 막은 병 안에서 얼음이 녹아 물이 되었다. 병 전체의 무게는?,1) 그대로다 [★정답] | 2) 가벼워진다 [오개념:상태=감소] | 3) 무거워진다 [오개념:액체가 무겁다] | 4) 잘 모르겠다 [모름],1,그렇게 생각한 이유는? :: 1) 상태가 변하면 무게도 변해서 [오개념:연동] | 2) 얼음과 물은 모습만 다를 뿐 같은 물질이라 양이 그대로여서 [★정답] | 3) 녹으면서 일부가 공기로 빠져나가서 [오개념:손실] | 4) 물이 얼음보다 원래 무거워서 [오개념:고유질량],OMR: 답(t1)+확신  ※이유(t2)는 온라인 전용·OMR 미수집,,,,active
51,C3,C,개념 이해,개념:conservation / 주제:combustion,misconception,정답선택+확신(1~3),4,2,,,,"장작이 다 타면 가벼운 재만 남는다. ""타면 물질이 줄어 사라진다""는 생각, 실제로는?","1) 정말로 물질이 사라진다 [오개념:소멸] | 2) 눈에 안 보이는 기체로 빠져나가, 그 기체까지 합치면 양은 줄지 않는다 [★정답] | 3) 남은 재가 곧 원래 나무다 [오개념:기체 무시] | 4) 잘 모르겠다 [모름]",2,,OMR: 답(t1)+확신  ※이유(t2)는 온라인 전용·OMR 미수집,,,,active
52,C4,C,개념 이해,개념:conservation / 주제:evaporation,misconception,정답선택+확신(1~3),4,2,,,,접시에 둔 물이 완전히 말라 눈에 보이지 않게 되었다. 그 물은?,1) 완전히 사라져 없어졌다 [오개념:소멸] | 2) 수증기가 되어 공기 중으로 흩어졌을 뿐 사라진 건 아니다 [★정답] | 3) 산소로 변했다 [오개념:분해] | 4) 잘 모르겠다 [모름],2,,OMR: 답(t1)+확신  ※이유(t2)는 온라인 전용·OMR 미수집,,,,active
53,C11,C,개념 이해,개념:conservation / 주제:dissolve,misconception,정답선택+확신(1~3),4,2,,,,소금물을 그대로 두었더니 물이 다 증발하고 하얀 소금이 다시 남았다. 녹았던 소금은?,1) 녹으면서 없어졌다가 새로 생긴 것이다 [오개념:소멸·생성] | 2) 물속에 그대로 있다가 물이 날아가자 다시 보이게 된 것 [★정답] | 3) 물이 소금으로 변한 것이다 [오개념:변환] | 4) 잘 모르겠다 [모름],2,,OMR: 답(t1)+확신  ※이유(t2)는 온라인 전용·OMR 미수집,,,,active
54,C12,C,개념 이해,개념:conservation / 주제:dissolve,misconception,정답선택+확신(1~3),4,2,,,,각설탕을 물에 넣었더니 점점 작아지다 사라졌다. 단맛은 어떻게 됐을까?,1) 설탕이 사라졌으니 단맛도 없다 [오개념:소멸] | 2) 설탕 입자가 물 전체에 퍼져서 물이 달아졌다 [★정답] | 3) 물이 원래 달았던 것이다 [오개념:무관] | 4) 잘 모르겠다 [모름],2,,OMR: 답(t1)+확신  ※이유(t2)는 온라인 전용·OMR 미수집,,,,active
55,C13,C,개념 이해,개념:conservation / 주제:state-mass,misconception,정답선택+확신(1~3),4,2,,,,물 한 컵을 얼렸다. 언 얼음 전체의 무게는 원래 물과 비교해 어떨까?,1) 더 무겁다 [오개념:고체가 무겁다] | 2) 거의 같다 [★정답] | 3) 더 가볍다 [오개념:얼면 가벼워진다] | 4) 잘 모르겠다 [모름],2,,OMR: 답(t1)+확신  ※이유(t2)는 온라인 전용·OMR 미수집,,,,active
56,C14,C,개념 이해,개념:conservation / 주제:combustion,misconception,정답선택+확신(1~3),4,2,,,,철 수세미를 공기 중에서 완전히 태웠다. 타고 난 뒤의 무게는?,1) 가벼워진다 [오개념:연소=감소] | 2) 오히려 무거워진다 [★정답] | 3) 그대로다 [오개념:불변 오인] | 4) 잘 모르겠다 [모름],2,그렇게 생각한 이유는? :: 1) 타면 원래 줄어드니까 [오개념:감소] | 2) 공기 중 기체가 철에 달라붙어 더해져서 [★정답] | 3) 철이 재가 되어 가벼워져서 [오개념:재 산물] | 4) 불 자체가 무게를 더해서 [오개념:불=물질],OMR: 답(t1)+확신  ※이유(t2)는 온라인 전용·OMR 미수집,,,,active
57,C15,C,개념 이해,개념:conservation / 주제:evaporation,misconception,정답선택+확신(1~3),4,2,,,,젖은 빨래가 마르면서 점점 가벼워졌다. 사라진 물은 어디로 갔을까?,1) 완전히 없어졌다 [오개념:소멸] | 2) 수증기가 되어 공기 중으로 퍼졌다 [★정답] | 3) 빨래가 물을 먹어 버렸다 [오개념:흡수] | 4) 잘 모르겠다 [모름],2,,OMR: 답(t1)+확신  ※이유(t2)는 온라인 전용·OMR 미수집,,,,active
58,C16,C,개념 이해,개념:conservation / 주제:atom-reaction,misconception,정답선택+확신(1~3),4,2,,,,"두 물질이 만나 전혀 새로운 물질로 변했다. 변화 전과 후, 물질을 이루는 '알갱이의 총 개수(양)'는?","1) 새 물질이 생겼으니 알갱이도 새로 생긴다 [오개념:생성] | 2) 알갱이는 새로 생기거나 없어지지 않고, 짝만 다시 짜인다 [★정답] | 3) 변하면서 일부 알갱이가 사라진다 [오개념:소멸] | 4) 잘 모르겠다 [모름]",2,그렇게 생각한 이유는? :: 1) 새 물질엔 새 알갱이가 필요해서 [오개념:생성] | 2) 있던 알갱이가 자리만 바꿔 다시 결합해서 [★정답] | 3) 변할 때 일부가 빛·열로 사라져서 [오개념:소실] | 4) 큰 물질이 부서져 알갱이 수가 늘어서 [오개념:증가],OMR: 답(t1)+확신  ※이유(t2)는 온라인 전용·OMR 미수집,,,,active
59,C17,C,개념 이해,개념:conservation / 주제:atom-reaction,misconception,정답선택+확신(1~3),4,2,,,,나무가 타서 연기와 재가 되었다. 타기 전 나무를 이루던 '알갱이들'은 어떻게 됐을까?,1) 불에 타서 없어졌다 [오개념:소멸] | 2) 연기(기체)와 재로 흩어져 모습만 바뀌었을 뿐 그대로 있다 [★정답] | 3) 불의 알갱이로 변했다 [오개념:불=물질] | 4) 잘 모르겠다 [모름],2,,OMR: 답(t1)+확신  ※이유(t2)는 온라인 전용·OMR 미수집,,,,active
60,C18,C,개념 이해,개념:conservation / 주제:atom-reaction,misconception,정답선택+확신(1~3),4,2,,,,설탕을 가열했더니 까맣게 타서 다른 것으로 변했다. 처음 설탕을 이루던 알갱이는 새 물질 속에 있을까?,1) 완전히 사라지고 전혀 다른 알갱이만 있다 [오개념:완전치환] | 2) 모습은 변했어도 그 알갱이들이 다시 짜여 들어 있다 [★정답] | 3) 절반쯤만 남아 있다 [오개념:부분소멸] | 4) 잘 모르겠다 [모름],2,,OMR: 답(t1)+확신  ※이유(t2)는 온라인 전용·OMR 미수집,,,,active
61,C5,C,개념 이해,개념:particle / 주제:particle-property,misconception,정답선택+확신(1~3),4,2,,,,구리(금속)는 반짝이고 단단하며 붉은빛이 돈다. 구리를 이루는 '가장 작은 알갱이 하나'는 어떨까?,"1) 그 알갱이 하나도 반짝이고 단단하고 붉다 [오개념:성질 보유] | 2) 알갱이 하나엔 그런 성질이 없고, 아주 많이 모였을 때 나타난다 [★정답] | 3) 알갱이는 작은 먼지 같은 것이다 [오개념:미세 덩어리] | 4) 잘 모르겠다 [모름]",2,그렇게 생각한 이유는? :: 1) 작아도 구리니까 성질이 똑같아서 [오개념:상속] | 2) 색·단단함은 알갱이가 많이 모일 때 나타나는 것이라서 [★정답] | 3) 알갱이는 원래 투명해서 [오개념:투명] | 4) 알갱이는 살아있는 게 아니라서 [오개념:무관],OMR: 답(t1)+확신  ※이유(t2)는 온라인 전용·OMR 미수집,,,,active
62,C19,C,개념 이해,개념:particle / 주제:particle-property,misconception,정답선택+확신(1~3),4,2,,,,물 한 방울을 이루는 '가장 작은 알갱이 하나'는 어떤 모습일까?,1) 아주 작은 물방울 모양이다 [오개념:축소판] | 2) 우리가 보는 '물방울' 같은 모습은 없다 [★정답] | 3) 작은 얼음 조각이다 [오개념:상태혼동] | 4) 잘 모르겠다 [모름],2,,OMR: 답(t1)+확신  ※이유(t2)는 온라인 전용·OMR 미수집,,,,active
63,C20,C,개념 이해,개념:particle / 주제:particle-property,misconception,정답선택+확신(1~3),4,2,,,,어떤 물질을 이루는 알갱이 하나의 '색'은 어떨까?,1) 그 물질과 똑같은 색이다 [오개념:색 상속] | 2) 알갱이 하나에는 '색'이라 할 만한 것이 없다 [★정답] | 3) 항상 회색이다 [오개념:임의 색] | 4) 잘 모르겠다 [모름],2,,OMR: 답(t1)+확신  ※이유(t2)는 온라인 전용·OMR 미수집,,,,active
64,C6,C,개념 이해,개념:particle / 주제:particle-space,misconception,정답선택+확신(1~3),4,2,,,,끝을 막은 주사기의 피스톤을 누르면 안의 공기 부피가 줄어든다. 이때 공기 입자들은?,1) 입자 자체가 찌그러져 작아진다 [오개념:입자 압축] | 2) 입자 사이의 빈 공간이 좁아진다 (수·크기는 그대로) [★정답] | 3) 입자들이 서로 합쳐진다 [오개념:융합] | 4) 잘 모르겠다 [모름],2,,OMR: 답(t1)+확신  ※이유(t2)는 온라인 전용·OMR 미수집,,,,active
65,C24,C,개념 이해,개념:particle / 주제:particle-space,misconception,정답선택+확신(1~3),4,2,,,,같은 물(액체)보다 수증기(기체)가 훨씬 더 큰 공간을 차지한다. 왜일까?,1) 기체가 되면서 알갱이가 커져서 [오개념:팽창] | 2) 알갱이 사이의 빈 공간이 훨씬 넓어져서 [★정답] | 3) 알갱이 수가 늘어나서 [오개념:증가] | 4) 잘 모르겠다 [모름],2,,OMR: 답(t1)+확신  ※이유(t2)는 온라인 전용·OMR 미수집,,,,active
66,C7,C,개념 이해,개념:particle / 주제:particle-between,misconception,정답선택+확신(1~3),4,2,,,,물질을 이루는 아주 작은 알갱이들 '사이'에는 무엇이 있을까?,1) 더 작은 알갱이들로 빈틈없이 차 있다 [오개념:연속물질관] | 2) 아무것도 없는 빈 공간이다 [★정답] | 3) 공기가 채우고 있다 [오개념:사이=공기] | 4) 잘 모르겠다 [모름],2,,OMR: 답(t1)+확신  ※이유(t2)는 온라인 전용·OMR 미수집,,,,active
67,C25,C,개념 이해,개념:particle / 주제:particle-between,misconception,정답선택+확신(1~3),4,2,,,,단단한 쇠구슬 안에도 알갱이와 알갱이 사이에 '빈 공간'이 있을까?,1) 꽉 차 있어 빈 공간이 전혀 없다 [오개념:연속물질관] | 2) 단단해 보여도 알갱이 사이에는 빈 공간이 있다 [★정답] | 3) 공기가 채우고 있다 [오개념:사이=공기] | 4) 잘 모르겠다 [모름],2,,OMR: 답(t1)+확신  ※이유(t2)는 온라인 전용·OMR 미수집,,,,active
68,C21,C,개념 이해,개념:particle / 주제:particle-thermal,misconception,정답선택+확신(1~3),4,2,,,,공기를 넣은 풍선을 따뜻한 곳에 두니 조금 부풀었다. 안의 공기 알갱이는?,1) 알갱이 자체가 커졌다 [오개념:입자 팽창] | 2) 알갱이는 그대로인데 더 빠르게 움직여 서로 멀어졌다 [★정답] | 3) 알갱이 수가 늘어났다 [오개념:증가] | 4) 잘 모르겠다 [모름],2,,OMR: 답(t1)+확신  ※이유(t2)는 온라인 전용·OMR 미수집,,,,active
69,C22,C,개념 이해,개념:particle / 주제:particle-thermal,misconception,정답선택+확신(1~3),4,2,,,,금속 막대를 가열하면 길이가 살짝 늘어난다. 이때 금속을 이루는 알갱이는?,"1) 알갱이 하나하나가 부풀어 커진다 [오개념:입자 팽창] | 2) 크기는 그대로이고, 활발히 움직여 사이 간격이 벌어진다 [★정답] | 3) 알갱이 개수가 늘어난다 [오개념:증가] | 4) 잘 모르겠다 [모름]",2,,OMR: 답(t1)+확신  ※이유(t2)는 온라인 전용·OMR 미수집,,,,active
70,C23,C,개념 이해,개념:particle / 주제:particle-thermal,misconception,정답선택+확신(1~3),4,2,,,,온도가 높아지면 물질을 이루는 알갱이는 어떻게 달라질까?,1) 알갱이가 점점 커진다 [오개념:입자 팽창] | 2) 크기·개수는 그대로이고 움직임이 빨라진다 [★정답] | 3) 알갱이가 뜨거워져 색이 변한다 [오개념:무관] | 4) 잘 모르겠다 [모름],2,,OMR: 답(t1)+확신  ※이유(t2)는 온라인 전용·OMR 미수집,,,,active
71,C8,C,개념 이해,개념:change / 주제:boiling,misconception,정답선택+확신(1~3),4,2,,,,물을 펄펄 끓일 때 바닥에서 올라오는 기포(거품)의 정체는?,"1) 물에 녹아 있던 공기 [오개념:기포=공기] | 2) 산소와 수소로 쪼개진 것 [오개념:끓음=분해] | 3) 기체로 변한 물, 즉 수증기 [★정답] | 4) 잘 모르겠다 [모름]",3,,OMR: 답(t1)+확신  ※이유(t2)는 온라인 전용·OMR 미수집,,,,active
72,C26,C,개념 이해,개념:change / 주제:boiling,misconception,정답선택+확신(1~3),4,2,,,,냄비 뚜껑 안쪽에 물방울이 맺혔다. 이 물방울은 어디서 왔을까?,1) 뚜껑에서 새로 생긴 물이다 [오개념:생성] | 2) 올라온 수증기가 차가운 뚜껑에서 다시 물이 된 것 [★정답] | 3) 공기 속 산소가 물로 변한 것 [오개념:변환] | 4) 잘 모르겠다 [모름],2,,OMR: 답(t1)+확신  ※이유(t2)는 온라인 전용·OMR 미수집,,,,active
73,C9,C,개념 이해,개념:change / 주제:phys-chem,misconception,정답선택+확신(1~3),5,2,,,,다음 중 '새로운 물질이 만들어진 변화'에 가장 가까운 것은?,1) 종이를 잘게 찢는다 [오개념:모양=새물질] | 2) 물이 얼어 얼음이 된다 [오개념:상태=새물질] | 3) 철이 녹슬어 붉게 변한다 [★정답] | 4) 설탕이 물에 녹는다 [오개념:용해=새물질] | 5) 잘 모르겠다 [모름],3,,OMR: 답(t1)+확신  ※이유(t2)는 온라인 전용·OMR 미수집,,,,active
74,C27,C,개념 이해,개념:change / 주제:phys-chem,misconception,정답선택+확신(1~3),5,2,,,,다음 중 '물질 자체는 그대로인 변화(물리 변화)'에 해당하는 것은?,1) 양초가 타서 빛과 열을 낸다 [오개념:연소를 물리로] | 2) 양초가 열에 녹아 액체가 된다 [★정답] | 3) 철이 녹슨다 [오개념:화학을 물리로] | 4) 음식이 상한다 [오개념:화학을 물리로] | 5) 잘 모르겠다 [모름],2,,OMR: 답(t1)+확신  ※이유(t2)는 온라인 전용·OMR 미수집,,,,active
75,C28,C,개념 이해,개념:change / 주제:phys-chem,misconception,정답선택+확신(1~3),4,2,,,,깎아 둔 사과의 단면이 갈색으로 변했다. 이 변화는?,1) 모양이 안 변했으니 아무 변화도 아니다 [오개념:변화 부정] | 2) 새로운 물질이 생긴 화학 변화다 [★정답] | 3) 단순히 색만 칠해진 것이다 [오개념:표면 현상] | 4) 잘 모르겠다 [모름],2,그렇게 생각한 이유는? :: 1) 자르기만 했으니까 [오개념:물리 오인] | 2) 공기와 반응해 다른 물질이 새로 생겨서 [★정답] | 3) 원래 속이 갈색이라서 [오개념:무관] | 4) 빛 때문에 색이 바래서 [오개념:무관],OMR: 답(t1)+확신  ※이유(t2)는 온라인 전용·OMR 미수집,,,,active
76,C10,C,개념 이해,개념:change / 주제:gas-mass,misconception,정답선택+확신(1~3),4,2,,,,비어 보이는 공기(예: 풍선 속 공기)도 무게가 있을까?,1) 공기는 무게가 없다 (아무것도 아니니까) [오개념:기체=무] | 2) 아주 작지만 분명히 무게가 있다 [★정답] | 3) 위로 뜨니까 무게가 마이너스다 [오개념:음의 무게] | 4) 잘 모르겠다 [모름],2,,OMR: 답(t1)+확신  ※이유(t2)는 온라인 전용·OMR 미수집,,,,active
77,C29,C,개념 이해,개념:change / 주제:gas-mass,misconception,정답선택+확신(1~3),4,2,,,,똑같은 빈 페트병 두 개 중 하나에만 공기를 잔뜩 압축해 넣었다. 두 병의 무게는?,1) 똑같다 (공기는 무게가 없으니까) [오개념:기체=무] | 2) 공기를 넣은 쪽이 아주 조금 더 무겁다 [★정답] | 3) 공기를 넣은 쪽이 더 가볍다 (공기는 뜨니까) [오개념:음의 무게] | 4) 잘 모르겠다 [모름],2,,OMR: 답(t1)+확신  ※이유(t2)는 온라인 전용·OMR 미수집,,,,active
78,C30,C,개념 이해,개념:change / 주제:melt-dissolve,misconception,정답선택+확신(1~3),4,2,,,,초콜릿이 더운 날 '녹았다.' 그리고 소금이 물에 '녹았다.' 이 두 '녹다'는?,1) 똑같은 현상이다 [오개념:융해=용해] | 2) 서로 다른 현상이다 [★정답] | 3) 둘 다 물이 있어야 일어난다 [오개념:조건 오인] | 4) 잘 모르겠다 [모름],2,"그렇게 생각한 이유는? :: 1) 둘 다 모양이 사라지니까 [오개념:표면 유사] | 2) 초콜릿은 열로 액체가 되고, 소금은 물속에 흩어진 것이라서 [★정답] | 3) 둘 다 사라지는 거라서 [오개념:소멸] | 4) 둘 다 새 물질이 생겨서 [오개념:화학 오인]",OMR: 답(t1)+확신  ※이유(t2)는 온라인 전용·OMR 미수집,,,,active
79,C31,C,개념 이해,개념:change / 주제:melt-dissolve,misconception,정답선택+확신(1~3),4,2,,,,"얼음이 '녹는' 것과 설탕이 물에 '녹는' 것 중, 물이 꼭 있어야 하는 것은?",1) 둘 다 물이 있어야 한다 [오개념:조건 오인] | 2) 설탕이 녹을 때만 물이 필요하다 [★정답] | 3) 둘 다 물이 없어도 된다 [오개념:용해 부정] | 4) 잘 모르겠다 [모름],2,,OMR: 답(t1)+확신  ※이유(t2)는 온라인 전용·OMR 미수집,,,,active
80,C32,C,개념 이해,개념:change / 주제:melt-dissolve,misconception,정답선택+확신(1~3),4,2,,,,버터가 프라이팬 위에서 '녹았다.' 이것은 어떤 변화에 가까울까?,1) 물에 무언가가 퍼지는 용해다 [오개념:용해 오인] | 2) 열을 받아 고체가 액체가 되는 상태 변화다 [★정답] | 3) 새로운 물질이 생기는 변화다 [오개념:화학 오인] | 4) 잘 모르겠다 [모름],2,,OMR: 답(t1)+확신  ※이유(t2)는 온라인 전용·OMR 미수집,,,,active
81,D-ML1,D,학습 접근,approach,mostleast,최선·최악(각 택1),3,2,,,,(강제선택) 오답 대처,1) 왜 틀렸는지 원리를 다시 따져 본다 [deep] | 2) 비슷한 문제를 여러 개 더 풀어 본다 [surface] | 3) 정답을 정확히 익혀 다음엔 안 틀리게 한다 [accuracy],—,,OMR: 최선+최악 (2칸),,,"셋 다 성실 → 표층 학생도 죄책감 없이 선택, 위계는 살아있음",active
82,D-ML2,D,학습 접근,approach,mostleast,최선·최악(각 택1),3,2,,,,(강제선택) 새 개념 접근,1) 이미 아는 것과 어떻게 연결되는지 생각한다 [deep] | 2) 정의와 공식을 정확히 먼저 외운다 [surface] | 3) 예제 푸는 순서부터 익힌다 [procedural],—,,OMR: 최선+최악 (2칸),,,심층/암기/절차 — 동등바람직,active
83,D-ML3,D,학습 접근,approach,mostleast,최선·최악(각 택1),3,2,,,,(강제선택) 시험 임박 전략,1) 핵심 원리를 한 번 더 이해하려 한다 [deep] | 2) 기출·유형 문제를 최대한 많이 푼다 [surface] | 3) 내가 자주 틀리는 부분을 점검한다 [metacog],—,,OMR: 최선+최악 (2칸),,,심층/문제량/점검 — '문제 많이'가 성실해 보여 표층 위장,active
84,D-ML4,D,학습 접근,approach,mostleast,최선·최악(각 택1),3,2,,,,(강제선택) 학습 만족원,1) ‘왜 그런지’ 비로소 이해됐을 때 [deep] | 2) 계획한 분량을 끝까지 해냈을 때 [metacog] | 3) 문제를 빠르고 정확히 풀었을 때 [surface],—,,OMR: 최선+최악 (2칸),,,이해/완수/속도-정확 — 동기 성향,active
85,D-MC1,D,학습 접근,metacog,ladder,리커트 1~5,5,1,,1,,공부를 시작하기 전에 무엇부터 할지 잠깐 정한다.,1~5 리커트,—,,OMR: 1칸,,,계획 1단(낮은 문턱),active
86,D-MC2,D,학습 접근,metacog,ladder,리커트 1~5,5,1,,2,,공부 중간에 ‘이걸 진짜 이해했나’ 스스로 멈춰 확인할 때가 있다.,1~5 리커트,—,,OMR: 1칸,,,모니터링 2단,active
87,D-MC3,D,학습 접근,metacog,ladder,리커트 1~5,5,1,,3,,"한 방법으로 안 풀리면, 스스로 다른 방법으로 바꿔 시도한다.",1~5 리커트,—,,OMR: 1칸,,,전략 조절 3단,active
88,D-MC4,D,학습 접근,metacog,ladder,리커트 1~5,5,1,,4,,"공부가 끝나면, 무엇을 알고 무엇을 모르는지 따로 적어 정리해 두는 편이다.",1~5 리커트,—,,OMR: 1칸,,,사후 점검 4단(대부분 안 함 → 고문턱·고변별),active
89,D-SC1,D,학습 접근,coping,scenario,택1,4,1,,,,(시나리오) 막힘 대처,1) 해설·답지를 먼저 본다 [lookup] | 2) 더 쉬운 문제로 돌아간다 [detour] | 3) 원리를 다시 읽고 다시 시도한다 [persist] | 4) 잠시 두었다가 나중에 다시 본다 [pause],—,,OMR: 1칸,,,"모두 정상 대처 → 위조 불가, 패턴만 읽음",active
90,D-SC2,D,학습 접근,coping,scenario,택1,4,1,,,,(시나리오) 실수 귀인,1) 다음엔 더 조심하자고 넘어간다 [note] | 2) 왜 실수했는지 패턴을 찾아본다 [analyze] | 3) 비슷한 문제로 다시 연습한다 [drill] | 4) 운이 없었다고 생각한다 [external],—,,OMR: 1칸,,,"analyze=메타, external=외적귀인",active
91,D-SC3,D,학습 접근,coping,scenario,택1,4,1,,,,(시나리오) 미지어 대처,1) 일단 넘기고 진도를 따라간다 [skip] | 2) 그 자리에서 바로 찾아본다 [seek_now] | 3) 표시해 뒀다가 나중에 찾는다 [seek_later] | 4) 선생님이나 친구에게 묻는다 [ask],—,,OMR: 1칸,,,정보 추구 전략 패턴,active
92,V-SD1,V,응답 점검,validity,sd,리커트 1~5,5,1,,,,나는 모르는 화학 내용을 아는 척해 본 적이 한 번도 없다.,1~5 리커트,—,,OMR: 1칸,,,사회적 바람직성 — '한 번도'에 강한 동의=과대 가능,active
93,V-SD2,V,응답 점검,validity,sd,리커트 1~5,5,1,,,,수업 시간에 한 번도 딴생각을 해본 적이 없다.,1~5 리커트,—,,OMR: 1칸,,,사회적 바람직성,active
94,V-OC,V,응답 점검,validity,overclaim,용어 다중표시(표시=1/미표시=2),6,6,,,,(과대주장) 용어 친숙도,1) 증발 [진짜] | 2) 용해 [진짜] | 3) 연소 [진짜] | 4) 응결 [진짜] | 5) 역응결 분해 [★가짜] | 6) 단일가 환원수 [★가짜],—,,OMR: 용어 6칸(표시=1/미표시=2),,,가짜 용어(real:false) 체크 수 = 과대주장 지표. 진짜 용어는 채점 안 함(미학습 무관).,active
95,V-CS1a,V,응답 점검,validity,consistency,리커트 1~5,5,1,,,,화학 공부는 나에게 즐거운 편이다.,1~5 리커트,—,,OMR: 1칸,,,일관성 쌍1(긍),active
96,V-CS1b,V,응답 점검,validity,consistency,리커트 1~5,5,1,예,,,화학 공부는 나에게 따분한 편이다.,1~5 리커트,—,,OMR: 1칸,,,일관성 쌍1(부),active
97,V-CS2a,V,응답 점검,validity,consistency,리커트 1~5,5,1,,,,나는 공부할 때 미리 계획을 세우는 편이다.,1~5 리커트,—,,OMR: 1칸,,,일관성 쌍2(긍),active
98,V-CS2b,V,응답 점검,validity,consistency,리커트 1~5,5,1,예,,,나는 공부할 때 계획 없이 닥치는 대로 하는 편이다.,1~5 리커트,—,,OMR: 1칸,,,일관성 쌍2(부),active
99,V-AT,V,응답 점검,validity,attention,리커트 1~5,5,1,,,,이 문항은 집중 확인용입니다. ‘보통’을 선택해 주세요.,1~5 리커트 (지시정답=3),3,,OMR: 1칸,,,지시 응답 — 오답이면 부주의,active
